,Days for shipping (real),Days for shipment (scheduled),Delivery Delay,Order Item Quantity,Sales,Order Item Total,Order Item Discount,Order Item Discount Rate,Order Item Product Price,Order Item Profit Ratio,Order Profit Per Order,Benefit per order
Days for shipping (real),1.0,0.5139930715705201,0.6144519825881564,-0.0012374730154717593,0.0018352202838648594,0.0016076757045651903,0.0022836409640424934,0.0017895091338294296,0.002387422344977155,-0.0046608345022004175,-0.00559370897202431,-0.00559370897202431
Days for shipment (scheduled),0.5139930715705201,1.0,-0.3609363990998105,-0.0028966783817157018,0.0065342021847917126,0.006691170445774746,0.0028046448822902905,0.00017418812827415742,0.007124506947063444,-0.002143640641454467,-0.00045115493777327965,-0.00045115493777327965
Delivery Delay,0.6144519825881564,-0.3609363990998105,1.0,0.001318837267238085,-0.0040145724502096535,-0.004406329140185722,-9.680024239500447e-05,0.0017853377848747161,-0.003957152012664971,-0.003095631698866268,-0.005666508483679396,-0.005666508483679396
Order Item Quantity,-0.0012374730154717593,-0.0028966783817157018,0.001318837267238085,1.0,0.10635896366556943,0.10543250715766764,0.0648216021723683,-0.0009214037117389132,-0.47596238572709415,0.0003276962444204173,0.014614338054430806,0.014614338054430806
Sales,0.0018352202838648594,0.0065342021847917126,-0.0040145724502096535,0.10635896366556943,1.0,0.9897535854713742,0.6179030204093316,0.0004772194926328454,0.7902617303779423,-0.0011876662885225943,0.13393698711602947,0.13393698711602947
Order Item Total,0.0016076757045651903,0.006691170445774746,-0.004406329140185722,0.10543250715766764,0.9897535854713742,1.0,0.4993056256973808,-0.11929633519157849,0.7820630932552781,-0.0010411081429224723,0.13526985463985625,0.13526985463985625
Order Item Discount,0.0022836409640424934,0.0028046448822902905,-9.680024239500447e-05,0.0648216021723683,0.6179030204093316,0.4993056256973808,1.0,0.6598054604456606,0.48886250058915137,-0.0014738507593463957,0.06786354850665981,0.06786354850665981
Order Item Discount Rate,0.0017895091338294296,0.00017418812827415742,0.0017853377848747161,-0.0009214037117389132,0.0004772194926328454,-0.11929633519157849,0.6598054604456606,1.0,0.00085631267664771,-0.0015101686777624457,-0.01762300970510819,-0.01762300970510819
Order Item Product Price,0.002387422344977155,0.007124506947063444,-0.003957152012664971,-0.47596238572709415,0.7902617303779423,0.7820630932552781,0.48886250058915137,0.00085631267664771,1.0,-0.0009666051491892565,0.1062395152826903,0.1062395152826903
Order Item Profit Ratio,-0.0046608345022004175,-0.002143640641454467,-0.003095631698866268,0.0003276962444204173,-0.0011876662885225943,-0.0010411081429224723,-0.0014738507593463957,-0.0015101686777624457,-0.0009666051491892565,1.0,0.8234719604167167,0.8234719604167167
Order Profit Per Order,-0.00559370897202431,-0.00045115493777327965,-0.005666508483679396,0.014614338054430806,0.13393698711602947,0.13526985463985625,0.06786354850665981,-0.01762300970510819,0.1062395152826903,0.8234719604167167,1.0,1.0
Benefit per order,-0.00559370897202431,-0.00045115493777327965,-0.005666508483679396,0.014614338054430806,0.13393698711602947,0.13526985463985625,0.06786354850665981,-0.01762300970510819,0.1062395152826903,0.8234719604167167,1.0,1.0
