Order Region,Late_Delivery_Rate
Canada,51.598676957001096
West Africa,54.6905628675441
Caribbean,55.527606590366
Southern Africa,56.09090909090909
Northern Europe,56.25
Oceania,56.32384670707901
Central Asia,56.457564575645755
Eastern Asia,56.718772407858886
West of USA ,56.78736010533245
Southern Europe,56.79955703211517
North Africa,57.09656513285807
Central America,57.10605726061677
South America,57.184151156232375
US Center ,57.52697682646383
Eastern Europe,57.64861294583884
West Asia,57.814131569787676
Southeast Asia,57.979422066549915
East of USA,58.168354239081154
East Africa,58.169567658618746
South Asia,58.35010060362173
South of  USA ,58.52140077821012
Western Europe,58.53017358023737
Central Africa,60.148514851485146
