Order Region,Records,Average_Schedule_Variance,Late_Delivery_Rate
Central Africa,1616,0.6280940594059405,60.148514851485146
Western Europe,25867,0.5963582943518769,58.53017358023737
South of  USA ,3855,0.5966277561608301,58.52140077821012
South Asia,7455,0.5965124077800135,58.35010060362173
East Africa,1781,0.5889949466591803,58.169567658618746
East of USA,6617,0.5853105636995617,58.168354239081154
Southeast Asia,9136,0.5552758318739054,57.979422066549915
West Asia,5746,0.5750087017055343,57.814131569787676
Eastern Europe,3785,0.5854689564068692,57.64861294583884
US Center ,5653,0.6010967627808244,57.52697682646383
South America,14184,0.5559785673998872,57.184151156232375
Central America,27174,0.5578862147641127,57.10605726061677
North Africa,3086,0.5570317563188594,57.09656513285807
Southern Europe,9030,0.5128460686600221,56.79955703211517
West of USA ,7595,0.5598420013166557,56.78736010533245
Eastern Asia,6973,0.5640326975476839,56.718772407858886
Central Asia,542,0.6309963099630996,56.457564575645755
Oceania,9733,0.5592314805301551,56.32384670707901
Northern Europe,9408,0.5433673469387755,56.25
Southern Africa,1100,0.48,56.09090909090909
Caribbean,7951,0.5396805433278833,55.527606590366
West Africa,3571,0.548025763091571,54.6905628675441
Canada,907,0.37816979051819183,51.598676957001096
